{
  "dataset_bytes": 52804882845,
  "dataset_files": 367337,
  "records": [
    {
      "op": "vykar_backup",
      "tool": "vykar",
      "phase": "backup",
      "duration_s": 61.339999999999996,
      "duration_s_std": 0.25465663156493606,
      "throughput_mib_s": 820.9872232746222,
      "throughput_mib_s_std": 3.4150429087097427,
      "cpu_pct_raw": "381.4%",
      "cpu_pct_value": 381.4,
      "cpu_pct_std": 0.5477225575051661,
      "user_s": 204.514,
      "user_s_std": 0.8686656433864541,
      "sys_s": 29.782,
      "sys_s_std": 0.15270887335056926,
      "cpu_s": 234.296,
      "cpu_s_std": 0.8365584259332977,
      "maxrss_kb": 637890.4,
      "maxrss_kb_std": 8599.667714510835,
      "voluntary_ctx_switches": 758959.2,
      "voluntary_ctx_switches_std": 2100.4266709409303,
      "involuntary_ctx_switches": 96453.0,
      "involuntary_ctx_switches_std": 1221.9879295639544,
      "fs_in": 76815470.8,
      "fs_in_std": 3185.6542813054903,
      "fs_out": 14824110.4,
      "fs_out_std": 27.36421020237931,
      "repo_size_bytes": 19681505561.4,
      "repo_size_bytes_std": 6160.05651759787,
      "repo_size": "0",
      "run_count": 5,
      "failed_runs": 0,
      "exit_status": 0
    },
    {
      "op": "vykar_restore",
      "tool": "vykar",
      "phase": "restore",
      "duration_s": 69.486,
      "duration_s_std": 3.2497969167318734,
      "throughput_mib_s": 726.0816756356683,
      "throughput_mib_s_std": 36.10325129381085,
      "cpu_pct_raw": "166.6%",
      "cpu_pct_value": 166.6,
      "cpu_pct_std": 7.602631123499285,
      "user_s": 61.291999999999994,
      "user_s_std": 1.0529814813186416,
      "sys_s": 54.714,
      "sys_s_std": 0.7046133691607054,
      "cpu_s": 116.006,
      "cpu_s_std": 1.628536152500156,
      "maxrss_kb": 467924.0,
      "maxrss_kb_std": 4342.446315154627,
      "voluntary_ctx_switches": 108773.0,
      "voluntary_ctx_switches_std": 1156.5511229513377,
      "involuntary_ctx_switches": 777.8,
      "involuntary_ctx_switches_std": 244.0178272176031,
      "fs_in": 38493171.2,
      "fs_in_std": 4193.15480277082,
      "fs_out": 104799107.2,
      "fs_out_std": 49.50959502965057,
      "repo_size_bytes": 19681500653.0,
      "repo_size_bytes_std": 0.0,
      "repo_size": "0",
      "run_count": 5,
      "failed_runs": 0,
      "exit_status": 0
    },
    {
      "op": "restic_backup",
      "tool": "restic",
      "phase": "backup",
      "duration_s": 138.31,
      "duration_s_std": 3.689180125718993,
      "throughput_mib_s": 364.3081029868737,
      "throughput_mib_s_std": 9.757637520906492,
      "cpu_pct_raw": "503.0%",
      "cpu_pct_value": 503.0,
      "cpu_pct_std": 17.705931209625774,
      "user_s": 651.454,
      "user_s_std": 7.720403486865156,
      "sys_s": 44.758,
      "sys_s_std": 1.645879703988114,
      "cpu_s": 696.212,
      "cpu_s_std": 8.226941716093497,
      "maxrss_kb": 334748.0,
      "maxrss_kb_std": 9322.135806777329,
      "voluntary_ctx_switches": 1448260.0,
      "voluntary_ctx_switches_std": 15108.432198610153,
      "involuntary_ctx_switches": 57338.0,
      "involuntary_ctx_switches_std": 10183.956082976792,
      "fs_in": 105227849.2,
      "fs_in_std": 432.79926062783426,
      "fs_out": 14910811.2,
      "fs_out_std": 30234.849614310966,
      "repo_size_bytes": 19883345257.4,
      "repo_size_bytes_std": 23467390.693207975,
      "repo_size": "0",
      "run_count": 5,
      "failed_runs": 0,
      "exit_status": 0
    },
    {
      "op": "restic_restore",
      "tool": "restic",
      "phase": "restore",
      "duration_s": 130.148,
      "duration_s_std": 0.6336166033178035,
      "throughput_mib_s": 386.94113882112663,
      "throughput_mib_s_std": 1.8836124002143386,
      "cpu_pct_raw": "198.4%",
      "cpu_pct_value": 198.4,
      "cpu_pct_std": 0.5477225575051661,
      "user_s": 215.712,
      "user_s_std": 0.5015675428095413,
      "sys_s": 43.33,
      "sys_s_std": 0.3053686296920492,
      "cpu_s": 259.04200000000003,
      "cpu_s_std": 0.6268333111761097,
      "maxrss_kb": 423582.4,
      "maxrss_kb_std": 22124.579381312542,
      "voluntary_ctx_switches": 443287.2,
      "voluntary_ctx_switches_std": 3313.196749364577,
      "involuntary_ctx_switches": 6412.0,
      "involuntary_ctx_switches_std": 619.4469307374119,
      "fs_in": 38960951.8,
      "fs_in_std": 2238.174970818859,
      "fs_out": 104797257.6,
      "fs_out_std": 46.784612855083026,
      "repo_size_bytes": 19874162175.0,
      "repo_size_bytes_std": 0.0,
      "repo_size": "0",
      "run_count": 5,
      "failed_runs": 0,
      "exit_status": 0
    },
    {
      "op": "rustic_backup",
      "tool": "rustic",
      "phase": "backup",
      "duration_s": 312.87800000000004,
      "duration_s_std": 2.614272365305497,
      "throughput_mib_s": 160.9620283916637,
      "throughput_mib_s_std": 1.346938786141144,
      "cpu_pct_raw": "232.2%",
      "cpu_pct_value": 232.2,
      "cpu_pct_std": 0.8366600265340756,
      "user_s": 668.452,
      "user_s_std": 3.4956000915436536,
      "sys_s": 59.193999999999996,
      "sys_s_std": 0.7796986597397731,
      "cpu_s": 727.646,
      "cpu_s_std": 3.6105650527306774,
      "maxrss_kb": 505948.8,
      "maxrss_kb_std": 29277.1169892119,
      "voluntary_ctx_switches": 3755641.2,
      "voluntary_ctx_switches_std": 10236.318366483138,
      "involuntary_ctx_switches": 851404.4,
      "involuntary_ctx_switches_std": 11233.760381101245,
      "fs_in": 105206081.2,
      "fs_in_std": 54.72842040475862,
      "fs_out": 14659892.8,
      "fs_out_std": 19018.316728880083,
      "repo_size_bytes": 19700985534.2,
      "repo_size_bytes_std": 30830113.500170816,
      "repo_size": "0",
      "run_count": 5,
      "failed_runs": 0,
      "exit_status": 0
    },
    {
      "op": "rustic_restore",
      "tool": "rustic",
      "phase": "restore",
      "duration_s": 81.67999999999999,
      "duration_s_std": 1.0791895106977258,
      "throughput_mib_s": 616.6219541668064,
      "throughput_mib_s_std": 8.132111847845861,
      "cpu_pct_raw": "268.0%",
      "cpu_pct_value": 268.0,
      "cpu_pct_std": 3.5355339059327378,
      "user_s": 104.94800000000001,
      "user_s_std": 0.6469698601944286,
      "sys_s": 114.2,
      "sys_s_std": 1.4638647478506985,
      "cpu_s": 219.148,
      "cpu_s_std": 1.0339100541149655,
      "maxrss_kb": 6346876.8,
      "maxrss_kb_std": 152676.43324102118,
      "voluntary_ctx_switches": 361106.6,
      "voluntary_ctx_switches_std": 14257.919353818776,
      "involuntary_ctx_switches": 28919.2,
      "involuntary_ctx_switches_std": 929.5534949641145,
      "fs_in": 38527508.8,
      "fs_in_std": 1130.8842557927844,
      "fs_out": 104803632.0,
      "fs_out_std": 440.54511687226767,
      "repo_size_bytes": 19706646395.0,
      "repo_size_bytes_std": 0.0,
      "repo_size": "0",
      "run_count": 5,
      "failed_runs": 0,
      "exit_status": 0
    },
    {
      "op": "borg_backup",
      "tool": "borg",
      "phase": "backup",
      "duration_s": 267.536,
      "duration_s_std": 1.2097231088145692,
      "throughput_mib_s": 188.2344276913832,
      "throughput_mib_s_std": 0.8527757627534146,
      "cpu_pct_raw": "93.0%",
      "cpu_pct_value": 93.0,
      "cpu_pct_std": 0.0,
      "user_s": 220.10399999999998,
      "user_s_std": 1.0358233440118982,
      "sys_s": 29.936,
      "sys_s_std": 0.3452969736328415,
      "cpu_s": 250.04000000000002,
      "cpu_s_std": 1.1761802582937735,
      "maxrss_kb": 241599.2,
      "maxrss_kb_std": 8992.938741034546,
      "voluntary_ctx_switches": 379354.6,
      "voluntary_ctx_switches_std": 1079.1009220642895,
      "involuntary_ctx_switches": 2181.4,
      "involuntary_ctx_switches_std": 26.07297451385246,
      "fs_in": 87963913.8,
      "fs_in_std": 26.855167100578615,
      "fs_out": 14791980.8,
      "fs_out_std": 1856.9187381250695,
      "repo_size_bytes": 19810656929.2,
      "repo_size_bytes_std": 46921124.29777057,
      "repo_size": "0",
      "run_count": 5,